[
    {
        "id": 0,
        "start_floor": 4,
        "target_floor": 3,
        "current_floor": 4,
        "delivered": false,
        "direction": "Down"
    },
    {
        "id": 1,
        "start_floor": 1,
        "target_floor": 4,
        "current_floor": 1,
        "delivered": false,
        "direction": "Up"
    },
    {
        "id": 2,
        "start_floor": 3,
        "target_floor": 2,
        "current_floor": 3,
        "delivered": false,
        "direction": "Down"
    },
    {
        "id": 3,
        "start_floor": 1,
        "target_floor": 3,
        "current_floor": 1,
        "delivered": false,
        "direction": "Up"
    },
    {
        "id": 4,
        "start_floor": 4,
        "target_floor": 1,
        "current_floor": 4,
        "delivered": false,
        "direction": "Down"
    }
]